{"cameraMode":{"drawMode":0,"name":"Shaded","section":"Shading Mode"},"sceneLighting":true,"audioPlay":false,"sceneViewState":{"showFog":true,"showMaterialUpdate":false,"showSkybox":true,"showFlares":true,"showImageEffects":true,"showParticleSystems":true},"in2DMode":false,"pivot":{"x":0.0631750226020813,"y":5.188920497894287,"z":-16.3471736907959},"rotation":{"x":0.10783062875270844,"y":-0.018186017870903016,"z":0.0019722573924809696,"w":0.9940009713172913},"size":0.15155768394470216,"orthographic":false}